"id","title_en","embed_url","categories","thumbnail_url"
"killedbyapixel-littlejs","LittleJS","https://KilledByAPixel.github.io/LittleJS","action",""
"maxbittker-sandspiel","sandspiel","https://sandspiel.club","action",""
"renzorlive-vimmaster","vimmaster","https://vim-master.com","action",""
"evanbacon-expo-crossy-road","Expo Crossy Road","https://crossyroad.expo.app","action",""
"mattsurabian-duckhunt-js","DuckHunt JS","https://duckhuntjs.com","action",""
"scottschiller-armoralley","ArmorAlley","https://armor-alley.net/","action",""
"mugen87-dive","dive","https://raw.githack.com/Mugen87/dive/master/app/index.html","action",""
"apoorvlathey-crypto-car-battle","Crypto Car Battle","https://apoorvlathey.com/projects/crypto-car-battle","action",""
"space2pacman-elpy","elpy","https://space2pacman-misc.github.io/elpy-examples/docs/","action",""
"mugen87-nier","nier","https://raw.githack.com/Mugen87/nier/master/app/index.html","action",""
"serprex-openetg","openEtG","https://etg.dek.im","action",""
"selenite-cc-selenite-old","selenite old","https://selenite.cc","action",""
"druidman-minecraft-clone-opengl","minecraft clone opengl","https://minecraftplus.vercel.app","action",""
"maechler-kurve","kurve","https://achtungkurve.com","action",""
"speps-tt","tt","https://torustrooper.xyz","action",""
"gonnavis-annihilate","annihilate","https://raw.githack.com/gonnavis/annihilate/dev/index.html","action",""
"jalbam-crossbrowdy","CrossBrowdy","https://crossbrowdy.com/","action",""
"akon47-shoot-game","shoot game","https://shootgame.kimhwan.kr/","action",""
"dinodevs-gladiatuscrazyaddon","GladiatusCrazyAddon","https://gladiatus.dinodevs.com","action",""
"omgimanerd-how-to-build-a-multiplayer-browser-game","how to build a multiplayer browser game","https://medium.com/@omgimanerd/how-to-build-a-multiplayer-browser-game-4a793818c29b#.mea2a1qc6","action",""
