"id","host","status","frame","url","final"
"monster-survivors","cloud.onlinegames.io","200","ok-or-unknown","https://cloud.onlinegames.io/games/2025/unity/monster-survivors/index-og.html",
"prince-of-persia","archive.org","ERR","unreachable","https://archive.org/embed/msdos_Prince_of_Persia_1989",""
"doom-1993","archive.org","200","ok-or-unknown","https://archive.org/embed/msdos_DOOM_1993",
"tetris-ibm-1986","archive.org","ERR","unreachable","https://archive.org/embed/msdos_Tetris_IBM_1986",""
"wolf3d-1992","archive.org","200","ok-or-unknown","https://archive.org/embed/msdos_Wolfenstein_3D_1992",
"lotus-iii-1992","archive.org","ERR","unreachable","https://archive.org/embed/msdos_Lotus_III_The_Ultimate_Challenge_1992",""
"msdos_Oregon_Trail_The_1990","archive.org","200","ok-or-unknown","https://archive.org/embed/msdos_Oregon_Trail_The_1990",
"msdos_Oregon_Trail_Deluxe_The_1992","archive.org","200","ok-or-unknown","https://archive.org/embed/msdos_Oregon_Trail_Deluxe_The_1992",
"msdos_Pac-Man_1983","archive.org","200","ok-or-unknown","https://archive.org/embed/msdos_Pac-Man_1983",
"msdos_SimCity_1989","archive.org","200","ok-or-unknown","https://archive.org/embed/msdos_SimCity_1989",
"msdos_Mario_Teaches_Typing_1992","archive.org","200","ok-or-unknown","https://archive.org/embed/msdos_Mario_Teaches_Typing_1992",
"msdos_Prehistorik_2_1993","archive.org","200","ok-or-unknown","https://archive.org/embed/msdos_Prehistorik_2_1993",
"msdos_Disneys_Aladdin_1994","archive.org","200","ok-or-unknown","https://archive.org/embed/msdos_Disneys_Aladdin_1994",
"Doom-2","archive.org","200","ok-or-unknown","https://archive.org/embed/Doom-2",
"msdos_4D_Prince_of_Persia_1994","archive.org","200","ok-or-unknown","https://archive.org/embed/msdos_4D_Prince_of_Persia_1994",
"msdos_Stunts_1990","archive.org","200","ok-or-unknown","https://archive.org/embed/msdos_Stunts_1990",
"msdos_Ms._Pac-Man_1983","archive.org","200","ok-or-unknown","https://archive.org/embed/msdos_Ms._Pac-Man_1983",
"msdos_Donkey_Kong_1983","archive.org","200","ok-or-unknown","https://archive.org/embed/msdos_Donkey_Kong_1983",
"msdos_Dune_2_-_The_Building_of_a_Dynasty_1992","archive.org","200","ok-or-unknown","https://archive.org/embed/msdos_Dune_2_-_The_Building_of_a_Dynasty_1992",
"msdos_Scorched_Earth_1991","archive.org","200","ok-or-unknown","https://archive.org/embed/msdos_Scorched_Earth_1991",
"msdos_Golden_Axe_1990","archive.org","200","ok-or-unknown","https://archive.org/embed/msdos_Golden_Axe_1990",
"msdos_Jazz_Jackrabbit_1994","archive.org","200","ok-or-unknown","https://archive.org/embed/msdos_Jazz_Jackrabbit_1994",
"DUKE3D_DOS","archive.org","200","ok-or-unknown","https://archive.org/embed/DUKE3D_DOS",
"battle_chess_1988","archive.org","200","ok-or-unknown","https://archive.org/embed/battle_chess_1988",
"msdos_Number_Munchers_1990","archive.org","200","ok-or-unknown","https://archive.org/embed/msdos_Number_Munchers_1990",
"msdos_Tetris_1986","archive.org","200","ok-or-unknown","https://archive.org/embed/msdos_Tetris_1986",
"bts-santa-claus-coloring-game","uncached.gamemonetize.co","200","ok-or-unknown","https://uncached.gamemonetize.co/kihnl3n95b8x6e30lvu6pzkftukw66mq/",
"christmas-sweeper-game","uncached.gamemonetize.co","200","ok-or-unknown","https://uncached.gamemonetize.co/4kyqjbb3yexewc5lsgyfoay6mrjoqwn2/",
"christmas-klondike-solitaire-game","uncached.gamemonetize.co","200","ok-or-unknown","https://uncached.gamemonetize.co/nec2satwcl98s5rzw882mpofnijkkmk8/",
"snowfight-io-game","uncached.gamemonetize.co","200","ok-or-unknown","https://uncached.gamemonetize.co/q2ibbexftbhzlrxex57ka753iss1ub7l/",
"santa-claus-funny-time-game","uncached.gamemonetize.co","200","ok-or-unknown","https://uncached.gamemonetize.co/tfth5lmkqw4ccroc9exlx0mqke4cbnw5/",
"sweet-baby-girl-christmas-fun-holiday-game","uncached.gamemonetize.co","200","ok-or-unknown","https://uncached.gamemonetize.co/6ryfoq09syb2tgyc09gottbwhhxk1hb1/",
"anime-christmas-jigsaw-puzzle-2-game","uncached.gamemonetize.co","200","ok-or-unknown","https://uncached.gamemonetize.co/c7aw13couqz8pjsubm4q4ar75d3q57vi/",
"snowman-from-fire-game","uncached.gamemonetize.co","200","ok-or-unknown","https://uncached.gamemonetize.co/y9zg87e1bteat838q2crhrra6ybg6s2j/",
"christmas-snow-hidden-object-game","uncached.gamemonetize.co","200","ok-or-unknown","https://uncached.gamemonetize.co/ktnh2bwcaxeoog77fl7rricz89h522ej/",
"christmas-block-collapse-game","uncached.gamemonetize.co","200","ok-or-unknown","https://uncached.gamemonetize.co/iv0cl7ne6sd244flk83qa4dlb389n0l6/",
"christmas-2019-puzzle-game","uncached.gamemonetize.co","200","ok-or-unknown","https://uncached.gamemonetize.co/cv8zdbnow24gwnm7t7lvqdsw4xsnp182/",
"snowman-2020-puzzle-game","uncached.gamemonetize.co","200","ok-or-unknown","https://uncached.gamemonetize.co/w8s0jrnl20jopibf7a2xgbr0ov55peol/",
"runner-apocalypse-game","uncached.gamemonetize.co","200","ok-or-unknown","https://uncached.gamemonetize.co/42g5ppsmph5ktkg7sjsc26bf5jkc7pel/",
"gt-racing-game","uncached.gamemonetize.co","200","ok-or-unknown","https://uncached.gamemonetize.co/2pzz150ueqkyep3uzcox1alq16xx2i5k/",
"brickbox-game","uncached.gamemonetize.co","200","ok-or-unknown","https://uncached.gamemonetize.co/dpmf8vy4w6ehyn00ljqneuylr0usajgf/",
"scary-house-clown-evil-game","uncached.gamemonetize.co","200","ok-or-unknown","https://uncached.gamemonetize.co/44z7cekal1224m2ngzkxkekhgdmn001d/",
"baby-piano-children-song-game","uncached.gamemonetize.co","200","ok-or-unknown","https://uncached.gamemonetize.co/3m15irev7dru3ps10ferleycfsu0v30n/",
"welding-simulation-3d-game","uncached.gamemonetize.co","200","ok-or-unknown","https://uncached.gamemonetize.co/34i5ksx0tqi5llssxv52qlkw0o5d825s/",
"division-bird-image-uncover-game","uncached.gamemonetize.co","200","ok-or-unknown","https://uncached.gamemonetize.co/sij6niosk21moo20lnljevjvtkn5l7vx/",
"astro-destroyer-game","uncached.gamemonetize.co","200","ok-or-unknown","https://uncached.gamemonetize.co/fkl51gyhmd5ldbn918v8xs72gpaolbwn/",
"gold-miner-undersea-game","uncached.gamemonetize.co","200","ok-or-unknown","https://uncached.gamemonetize.co/4p7di6iayu94eggwmzfbsrseq53n4b7a/",
"lollipop-stack-run-game","uncached.gamemonetize.co","200","ok-or-unknown","https://uncached.gamemonetize.co/yrj2f8dy1oszmu7fq4si9u9ajz6pkrb5/",
"what-kind-of-santa-claus-are-you-game","uncached.gamemonetize.co","200","ok-or-unknown","https://uncached.gamemonetize.co/djhxmee66ztiky6p2to9j6o3wk75p452/",
"adventure-home-game","uncached.gamemonetize.co","200","ok-or-unknown","https://uncached.gamemonetize.co/6mw96kdp3ketqjyafnad8t2099h4z9tv/",
"santa-racing-game","uncached.gamemonetize.co","200","ok-or-unknown","https://uncached.gamemonetize.co/tmyamchzaxtodvpsb6ncrrs1ck32g4du/",
"christmas-food-click-2024-game","uncached.gamemonetize.co","200","ok-or-unknown","https://uncached.gamemonetize.co/10bkxqpja3z7chovl2o7aqlwut1zm9q2/",
"cleaner-race-game","uncached.gamemonetize.co","200","ok-or-unknown","https://uncached.gamemonetize.co/y7pwif6rxy0sn74qsl8cb0o1m3h2y0nt/",
"war-machine-game","uncached.gamemonetize.co","200","ok-or-unknown","https://uncached.gamemonetize.co/6oksnxniq3756mkszruc2sj8f6oh6o80/",
"jewel-miner-quest-game","uncached.gamemonetize.co","200","ok-or-unknown","https://uncached.gamemonetize.co/dpnk0do4wordmnhcmejlqly9horc8dpi/",
"princess-pomni-cosplay-asmr-game","uncached.gamemonetize.co","200","ok-or-unknown","https://uncached.gamemonetize.co/zs4qr814hhhcnizbj872n9ecuvb0n0ri/",
"cubecombo-game","uncached.gamemonetize.co","200","ok-or-unknown","https://uncached.gamemonetize.co/8c9lxadlobjsnx41j7rh0ee11ytz8b5s/",
"sweet-solve-game","uncached.gamemonetize.co","200","ok-or-unknown","https://uncached.gamemonetize.co/leiasg9oe4sc50inmnmdp4lg328pc5f5/",
"poppy-strike-4-game","uncached.gamemonetize.co","200","ok-or-unknown","https://uncached.gamemonetize.co/vel5s0zugcbmee6ctd22fw9c2arhxc5y/",
"tic-tac-toe-puzzle-game","uncached.gamemonetize.co","200","ok-or-unknown","https://uncached.gamemonetize.co/tm4djwmsgxua64fxwbmn26bqryh60f6h/",
"cartoon-pimple-pop-game","uncached.gamemonetize.co","200","ok-or-unknown","https://uncached.gamemonetize.co/tn3qwy8ivrill13ccmu3hdnwyfdxp6ry/",
"xiblba-match-game","uncached.gamemonetize.co","200","ok-or-unknown","https://uncached.gamemonetize.co/6x5iq6cnf029jhte5e88eflxeepclnd7/",
"the-adventure-of-finn-bonnie-game","uncached.gamemonetize.co","200","ok-or-unknown","https://uncached.gamemonetize.co/a7e34jmeberc2e3gwkbhlvivhffkrwx2/",
"skibidi-elastic-head-game","uncached.gamemonetize.co","200","ok-or-unknown","https://uncached.gamemonetize.co/mzhcqhok1b5whltst1sscbgd85ewzn2q/",
"t-rex-n-y-online-game","uncached.gamemonetize.co","200","ok-or-unknown","https://uncached.gamemonetize.co/ws6yr977yxz1reiki6jem3prxcxfg6od/",
"fish-trip-game","uncached.gamemonetize.co","200","ok-or-unknown","https://uncached.gamemonetize.co/u92fzx3msocb8csc7ja5s85h6fvmawrd/",
"swamp-attack-online-game","uncached.gamemonetize.co","200","ok-or-unknown","https://uncached.gamemonetize.co/ihnz6hc69rab7n2cfzl5x30udswdh2dz/",
"zombie-tsunami-online-game","uncached.gamemonetize.co","200","ok-or-unknown","https://uncached.gamemonetize.co/dwvcte397don0y485kcpytqjy9iw2qef/",
"among-us-the-imposter-game","uncached.gamemonetize.co","200","ok-or-unknown","https://uncached.gamemonetize.co/c9kub5ivqm7fxsigqwngk5kap0ny310g/",
"aquapark-shark-game","uncached.gamemonetize.co","200","ok-or-unknown","https://uncached.gamemonetize.co/tll0a54tsmdg7bmzvkm8pi0abrfrhwrp/",
"world-war-zombie-game","uncached.gamemonetize.co","200","ok-or-unknown","https://uncached.gamemonetize.co/8ht58edn6drpz9d5oikezoqkkuqwvvm4/",
"kid-ball-adventure-game","uncached.gamemonetize.co","200","ok-or-unknown","https://uncached.gamemonetize.co/30q2nhz4ns0p9q7nn6bk1lrmsbml8i0c/",
"fastlane-revenge-online-game","uncached.gamemonetize.co","200","ok-or-unknown","https://uncached.gamemonetize.co/a1fumc1k0bx2te6e4hmg530f3xkbb6ml/",
"super-rocket-buddy-game","uncached.gamemonetize.co","200","ok-or-unknown","https://uncached.gamemonetize.co/unyq7wdvi2bfsowowi91obhn48m9kuje/",
"awesome-tanks-3-game-game","uncached.gamemonetize.co","200","ok-or-unknown","https://uncached.gamemonetize.co/0o2e0sr042m9ocle1lxcwjjsfi36mfgu/",
"rage-road-online-game","uncached.gamemonetize.co","200","ok-or-unknown","https://uncached.gamemonetize.co/h1ayvkq968i9j6didymsbzv76lk1g01y/",
"furry-wedding-proposal-game","uncached.gamemonetize.co","200","ok-or-unknown","https://uncached.gamemonetize.co/6deaaf6we5wdex6n9x6da8qlg2vwht3u/",
"black-friday-store-manager-game","uncached.gamemonetize.co","200","ok-or-unknown","https://uncached.gamemonetize.co/tib6wak2cd3ux9mj8di0eeezdvxtra07/",
"fruit-drop-puzzle-game-game","uncached.gamemonetize.co","200","ok-or-unknown","https://uncached.gamemonetize.co/iyqprq93bhwn2j53egheo3za2aemqpq8/",
"bubble-man-runner-game-game","uncached.gamemonetize.co","200","ok-or-unknown","https://uncached.gamemonetize.co/za55ayaekb6v4popocbptsxzpsvj47bu/",
"railways-train-simulator-game-game","uncached.gamemonetize.co","200","ok-or-unknown","https://uncached.gamemonetize.co/hg2zzusjodkrau8lpbt50zouac81n91t/",
"celebrity-thanksgiving-prep-game","uncached.gamemonetize.co","200","ok-or-unknown","https://uncached.gamemonetize.co/2o0fsrcn9yiwcyei20dyz1tjl7ujvrrl/",
"horde-zombie-war-game","uncached.gamemonetize.co","200","ok-or-unknown","https://uncached.gamemonetize.co/rtvrw32wvt6cfmuynn0dy5dqwzd69q94/",
"hexa-merge-2048-puzzle-game","uncached.gamemonetize.co","200","ok-or-unknown","https://uncached.gamemonetize.co/5r7akvnmm0t25uang36jgu02fek7qqr5/",
"roll-away-3d-game","uncached.gamemonetize.co","200","ok-or-unknown","https://uncached.gamemonetize.co/nhgld41ueub48pma1jjtum04qgt2jzp3/",
"police-car-parking-game-game","uncached.gamemonetize.co","200","ok-or-unknown","https://uncached.gamemonetize.co/578b5br8b4p9vnh8mzu2t9gk88blkvz3/",
"tractor-parking-and-driving-game-game","uncached.gamemonetize.co","200","ok-or-unknown","https://uncached.gamemonetize.co/15b7hdc6yr0f8mk95jgbx9b03q4q6c14/",
"tic-tac-toe-sprunki-game","uncached.gamemonetize.co","200","ok-or-unknown","https://uncached.gamemonetize.co/cejcp4vy4nc1lkflrx8jrpfcixw7e37b/",
"rocket-fest-game","uncached.gamemonetize.co","200","ok-or-unknown","https://uncached.gamemonetize.co/q5b8pfuo0rhucj7un9t3pzr94vh5oc8x/",
"goldrush-game","uncached.gamemonetize.co","200","ok-or-unknown","https://uncached.gamemonetize.co/qezo7d10nv4d2pblyf8i7idbqji1bsog/",
"jewel-blaster-game","uncached.gamemonetize.co","200","ok-or-unknown","https://uncached.gamemonetize.co/5cpk92w126p8iu19sohpil125cqrcwar/",
"fuji-leapers-game","uncached.gamemonetize.co","200","ok-or-unknown","https://uncached.gamemonetize.co/ugfvau20g5koj55czd4e63rqyhbovib1/",
"dragon-warrior-tower-defense-game","uncached.gamemonetize.co","200","ok-or-unknown","https://uncached.gamemonetize.co/7qbr7gz5bgvnyhsr3k7hy9k6fef9byw1/",
"pusha-pusha-game","uncached.gamemonetize.co","200","ok-or-unknown","https://uncached.gamemonetize.co/9x331e2ydjh0nf845jc7tk1ftuapj6xc/",
"my-talking-labubu-game","uncached.gamemonetize.co","200","ok-or-unknown","https://uncached.gamemonetize.co/gmhdqc6xhj8ewhpx3dfbo1l9tegdy946/",
"neon-mini-golf-game","uncached.gamemonetize.co","200","ok-or-unknown","https://uncached.gamemonetize.co/jjbc1jhdydn8azhcmbnpo3tvzbkyhy76/",
"car-line-rider-game","uncached.gamemonetize.co","200","ok-or-unknown","https://uncached.gamemonetize.co/7awyv0ytowhmcvd83lyhr7p9acvtd3kn/",
"swim-good-game","uncached.gamemonetize.co","200","ok-or-unknown","https://uncached.gamemonetize.co/0b9opyq403zw97yoccuntar25ookv8e9/",
"eventide-game","uncached.gamemonetize.co","200","ok-or-unknown","https://uncached.gamemonetize.co/k672dx870llm55o3aqtsg2umisl3u9iq/",
"bear-ball-master-honey-king-game","uncached.gamemonetize.co","200","ok-or-unknown","https://uncached.gamemonetize.co/aur96p0aeocgnl7bo82mjy6pvmw3fbuo/",
"coin-flick-soccer-game","uncached.gamemonetize.co","200","ok-or-unknown","https://uncached.gamemonetize.co/k4orfszy5grobv16zcyfg6fie450ivi2/",
"sokoban-push-the-box-game","uncached.gamemonetize.co","200","ok-or-unknown","https://uncached.gamemonetize.co/1my1qdjwu871fk0992pvyobmnlu40t7n/",
"crowd-battle-gun-rush-game","uncached.gamemonetize.co","200","ok-or-unknown","https://uncached.gamemonetize.co/zgyi4uc3u2rbu9euvx144c5hwv8mq5ap/",
"hero-rescue-survival-game-game","uncached.gamemonetize.co","200","ok-or-unknown","https://uncached.gamemonetize.co/i3dpnomkm9lcphbjz7qe2v7t3bmxqnb1/",
"fashion-makeup-and-dress-up-game-game","uncached.gamemonetize.co","200","ok-or-unknown","https://uncached.gamemonetize.co/6b40mq9bu1rda8ptf37o615nirp2kocz/",
"funny-sounds-game","uncached.gamemonetize.co","200","ok-or-unknown","https://uncached.gamemonetize.co/tr8vmrucaanecpllp3ja0dl1omj1wjv6/",
"flag-paint-puzzle-game-game","uncached.gamemonetize.co","200","ok-or-unknown","https://uncached.gamemonetize.co/7uij88omrdew9cnvt1oux8eg0tdm7qj8/",
"nine-cards-of-winter-game","uncached.gamemonetize.co","200","ok-or-unknown","https://uncached.gamemonetize.co/f3r5sex50ro1fwrmks41k5najty3mhll/",
"rat-purrsuit-game","uncached.gamemonetize.co","200","ok-or-unknown","https://uncached.gamemonetize.co/086re3fo35f43d8ovg6ls8q87gonl31f/",
"tower-defence-1-game","uncached.gamemonetize.co","200","ok-or-unknown","https://uncached.gamemonetize.co/9v6hqnas31f02nlu9bntd1rz4pm3ff90/",
"abyssal-echoes-game","uncached.gamemonetize.co","200","ok-or-unknown","https://uncached.gamemonetize.co/p2yoio4lbhdhw0e57040u82k19fyi2pv/",
"d-race-x-game","uncached.gamemonetize.co","200","ok-or-unknown","https://uncached.gamemonetize.co/603mzpfpq50loewnua433w5u7lf0j3tz/",
"lumbering-at-sea-game","uncached.gamemonetize.co","200","ok-or-unknown","https://uncached.gamemonetize.co/t28x1cf2kqtnitkhi4xhhz6l69rar4pn/",
"alien-space-shooter-game-game","uncached.gamemonetize.co","200","ok-or-unknown","https://uncached.gamemonetize.co/ywh6vr73jrwgm5bpy50y6ra8y2vn1z1u/",
"cargo-truck-transport-game-game","uncached.gamemonetize.co","200","ok-or-unknown","https://uncached.gamemonetize.co/4w8oinja7h4ednfqu9nn75f086ijklkz/",
"drag-it-puzzle-shapes-game","uncached.gamemonetize.co","200","ok-or-unknown","https://uncached.gamemonetize.co/zhqtaj1wchcrjrteoikrzimn26666gaf/",
"cat-with-a-gun-clicker-evolution-game","uncached.gamemonetize.co","200","ok-or-unknown","https://uncached.gamemonetize.co/p9om649472ct8dvj4mbc9rnp68np7m2n/",
"find-ball-game","uncached.gamemonetize.co","200","ok-or-unknown","https://uncached.gamemonetize.co/p5rxs26j1s3nw5rnugp4mqja8cc5q33u/",
"smart-dots-reloaded-game","uncached.gamemonetize.co","200","ok-or-unknown","https://uncached.gamemonetize.co/f5l8chws2l7exii1362h6ifzt5jal195/",
"ocean-drift-game","uncached.gamemonetize.co","200","ok-or-unknown","https://uncached.gamemonetize.co/udotd1qgzo8n65v43606opsfcz48j1fp/",
"nivra-game","uncached.gamemonetize.co","200","ok-or-unknown","https://uncached.gamemonetize.co/nq90wfutco4i0htj0ikdvgp70a5o0q66/",
"farm-simulator-township-game-game","uncached.gamemonetize.co","200","ok-or-unknown","https://uncached.gamemonetize.co/iojkoe68zyjra4dxu5itysdy88dzqxt6/",
"free-game","uncached.gamemonetize.co","ERR","unreachable","https://uncached.gamemonetize.co/vjek9l7covdtw9o7q9bkyjoxk4dn7yx5/",""
"free-html5-game","gamemonetize.com","200","ok-or-unknown","https://gamemonetize.com/favi.png",
"html-game","gamemonetize.com","200","ok-or-unknown","https://gamemonetize.com/favi.png",
"how-to-make-a-website-for-your-game","gamemonetize.com","200","ok-or-unknown","https://gamemonetize.com/favi.png",
"best-game","uncached.gamemonetize.co","ERR","unreachable","https://uncached.gamemonetize.co/ynr7xbuxdloaio54v92rvtn95nxnbfjj/",""
"embed-game","uncached.gamemonetize.co","ERR","unreachable","https://uncached.gamemonetize.co/rq167agdmq01tejm9q6wwxdgq08yjdjn/",""
"embedded-game","gamemonetize.com","200","ok-or-unknown","https://gamemonetize.com/favi.png",
"all-game","uncached.gamemonetize.co","ERR","unreachable","https://uncached.gamemonetize.co/ikqt9slh1cyue0h6yj2o0i90bv43xv3f/",""
"unblocked-game","gamemonetize.com","200","ok-or-unknown","https://gamemonetize.com/favi.png",
"embeddable-online-game","gamemonetize.com","200","ok-or-unknown","https://gamemonetize.com/favi.png",
"primary-game","gamemonetize.com","200","ok-or-unknown","https://gamemonetize.com/favi.png",
"siren-head-3-game-game","uncached.gamemonetize.co","200","ok-or-unknown","https://uncached.gamemonetize.co/jwkd6mlipe9b4pt6yx160p7r62djopmj/",
"command-strike-fps-offline-game","uncached.gamemonetize.co","200","ok-or-unknown","https://uncached.gamemonetize.co/t7x6opco5bllwyx9zxsg4v0gtjylrauw/",
"mine-noob-maze-game","uncached.gamemonetize.co","200","ok-or-unknown","https://uncached.gamemonetize.co/6j2pc7jglv10j2a7n9v7yr4cq96ghpuz/",
"stickman-vs-zombies-minecraft-game","uncached.gamemonetize.co","200","ok-or-unknown","https://uncached.gamemonetize.co/bztju5apx957kapkxnzocq3au3f8kq3y/",
"american-block-sniper-survival-online-game","uncached.gamemonetize.co","200","ok-or-unknown","https://uncached.gamemonetize.co/dy2tps9hmgrhuwhk557cdykcx3puevbb/",
"food-gang-run-game","uncached.gamemonetize.co","200","ok-or-unknown","https://uncached.gamemonetize.co/50i6lrcft185cd0nxvpi5ihgobenvfas/",
"killmaster-secret-agent-game","uncached.gamemonetize.co","200","ok-or-unknown","https://uncached.gamemonetize.co/f471e4j1zv654kbamb500101omqd11hf/",
"taxi-driver-las-vegas-game","uncached.gamemonetize.co","200","ok-or-unknown","https://uncached.gamemonetize.co/stz0s4mvb541uczwkkr918qkwfzuigl8/",
"obby-minecraft-ultimate-game","uncached.gamemonetize.co","200","ok-or-unknown","https://uncached.gamemonetize.co/lenulffi2x6dvqs6yadgwr2o6yu8gi8o/",
"imposter-assassin-3d-game","uncached.gamemonetize.co","200","ok-or-unknown","https://uncached.gamemonetize.co/kjixdc9mw89s3k1rdka4eotbmrgggvkn/",
"cat-family-educational-games-game","uncached.gamemonetize.co","200","ok-or-unknown","https://uncached.gamemonetize.co/q0drcf9c95c3q5t12tuq79c8j0scgnf6/",
"raya-and-the-last-dragon-jigsaw-game","uncached.gamemonetize.co","200","ok-or-unknown","https://uncached.gamemonetize.co/ya0or8eu5uvlgzlx50szfqeprvf345wg/",
"phone-case-diy-3-game","uncached.gamemonetize.co","200","ok-or-unknown","https://uncached.gamemonetize.co/g9oru9dqmu1ezyddvk6gy2x91ml9rtqp/",
"pregnant-mommy-caring-game","uncached.gamemonetize.co","200","ok-or-unknown","https://uncached.gamemonetize.co/c6w7h4odio0j0lv6r9rhwz7k2pokqfi2/",
"spongebob-sponge-on-the-run-jigsaw-game-game","uncached.gamemonetize.co","200","ok-or-unknown","https://uncached.gamemonetize.co/djvmeaaq2tn7u9uuyctcpcabrawb6448/",
"drawing-christmas-for-kids-game","uncached.gamemonetize.co","200","ok-or-unknown","https://uncached.gamemonetize.co/fjm0avw8pde9owqj8a7t3zuu20wks898/",
"kids-happy-kitchen-game","uncached.gamemonetize.co","200","ok-or-unknown","https://uncached.gamemonetize.co/zsm131co8bq7itnho8xpwdp12qcvn1d6/",
"little-tailor-diy-fashion-game","uncached.gamemonetize.co","200","ok-or-unknown","https://uncached.gamemonetize.co/enbk6b9jpwlyj8tetyyu2f0k71fw82f8/",
"popular-hair-salon-game","uncached.gamemonetize.co","200","ok-or-unknown","https://uncached.gamemonetize.co/795gtqj4xrn8mgnkinny8qtdwdu267kr/",
"hello-kitty-good-night-game","uncached.gamemonetize.co","200","ok-or-unknown","https://uncached.gamemonetize.co/9od07bbaap69ofif4i7lwvursiihm20a/",
"my-super-slime-pet-game","uncached.gamemonetize.co","200","ok-or-unknown","https://uncached.gamemonetize.co/fx9689izaqwmv6xruq40nh2yrvfjzlv5/",
"silhouette-art-game","uncached.gamemonetize.co","200","ok-or-unknown","https://uncached.gamemonetize.co/0jt5smobh5gtv3661rub0gu2nvgf62a6/",
"dress-up-unicorn-game","uncached.gamemonetize.co","200","ok-or-unknown","https://uncached.gamemonetize.co/3dqurb1s9q79e4c3x7382r0t5a1q0kr4/",
"hair-salon-dress-up-girl-game","uncached.gamemonetize.co","200","ok-or-unknown","https://uncached.gamemonetize.co/nsm81iskbnl3cr51gwt9lzcqzv7k790o/",
"ins-life-royal-ball-game","uncached.gamemonetize.co","200","ok-or-unknown","https://uncached.gamemonetize.co/488r0tiqq2zyobevw3kezbijlfo095mn/",
"girl-beauty-salon-game","uncached.gamemonetize.co","200","ok-or-unknown","https://uncached.gamemonetize.co/vpy0a9uskhygf7gfe29403qddhhksvx9/",
"spa-with-daddy-game","uncached.gamemonetize.co","200","ok-or-unknown","https://uncached.gamemonetize.co/4811hee6taqritr3hf7eksad3y5vg0tm/",
"panda-baby-bear-care-game","uncached.gamemonetize.co","200","ok-or-unknown","https://uncached.gamemonetize.co/tky64cwp575uf4de7pulmavbxn5sq0mr/",
"cute-pet-doctor-care-game","uncached.gamemonetize.co","200","ok-or-unknown","https://uncached.gamemonetize.co/kqtdqi95ozrguk4wiz3kcb2j25lziej2/",
"baby-taylor-bed-time-game","uncached.gamemonetize.co","200","ok-or-unknown","https://uncached.gamemonetize.co/3tbtun9dcvf2ni5bsku636ochtlqm33p/",
"street-food-deep-fried-game","uncached.gamemonetize.co","200","ok-or-unknown","https://uncached.gamemonetize.co/zec40cp7uhh42uzdah2wjiv14mh6qt79/",
"different-color-skirt-tryout-game","uncached.gamemonetize.co","200","ok-or-unknown","https://uncached.gamemonetize.co/4c1c9fob5t58fh9h6nrxiullk3y10azy/",
"rainbow-princess-pony-makeup-2-game","uncached.gamemonetize.co","200","ok-or-unknown","https://uncached.gamemonetize.co/6tcsznnphs6e9lsb6oevoa9wilvx457a/",
"critical-strike-global-ops-game","uncached.gamemonetize.co","200","ok-or-unknown","https://uncached.gamemonetize.co/ju1jg4fg4beharxn9k6uck2286omnfm7/",
"polygon-flight-simulator-game","uncached.gamemonetize.co","200","ok-or-unknown","https://uncached.gamemonetize.co/jxcgkmz8u2tpdhvvfed9ecl25bqkspxt/",
"draw-car-3d-game","uncached.gamemonetize.co","200","ok-or-unknown","https://uncached.gamemonetize.co/t1r0cmlexylcv82l04v4fb19zuocayi1/",
"red-and-green-3-game","uncached.gamemonetize.co","200","ok-or-unknown","https://uncached.gamemonetize.co/5n047jnx4lgoovn8ouegm23y36ktb0jg/",
"bts-signature-fashion-style-game","uncached.gamemonetize.co","200","ok-or-unknown","https://uncached.gamemonetize.co/muihme95i9pqdqzvik8hviuob1jo2tsu/",
"warship-battle-game","uncached.gamemonetize.co","200","ok-or-unknown","https://uncached.gamemonetize.co/xk8ve5wawdry4xccf44m1oioqqdbtq3p/",
"pick-go-game","uncached.gamemonetize.co","200","ok-or-unknown","https://uncached.gamemonetize.co/slrciscv3otarv6g9awu423a0dq9s890/",
"wild-hunting-clash-game","uncached.gamemonetize.co","200","ok-or-unknown","https://uncached.gamemonetize.co/wd7cq3e3clalkrf48pize43ad29glody/",
"black-sphere-game","uncached.gamemonetize.co","200","ok-or-unknown","https://uncached.gamemonetize.co/zzmd60946ofjq4eyfq9dmdjyaqrkd8pt/",
"mcparkour-noob-noob-baby-game","uncached.gamemonetize.co","200","ok-or-unknown","https://uncached.gamemonetize.co/kat17jf8il5l1bpaqfa30bk0qcogv2q3/",
